<?xml version="1.0" encoding="UTF-8"?>
<project-private xmlns="http://www.netbeans.org/ns/project-private/1">
    <editor-bookmarks xmlns="http://www.netbeans.org/ns/editor-bookmarks/2" lastBookmarkId="0"/>
    <open-files xmlns="http://www.netbeans.org/ns/projectui-open-files/2">
        <group>
            <file>file:/C:/Users/homa/Documents/RBCBasket/src/com/rbc/items/BasketImpl.java</file>
            <file>file:/C:/Users/homa/Documents/RBCBasket/src/com/rbc/items/Basket.java</file>
            <file>file:/C:/Users/homa/Documents/RBCBasket/test/com/rbc/items/BasketItemTest.java</file>
            <file>file:/C:/Users/homa/Documents/RBCBasket/test/com/rbc/items/BasketTest.java</file>
            <file>file:/C:/Users/homa/Documents/RBCBasket/src/com/rbc/items/CostException.java</file>
            <file>file:/C:/Users/homa/Documents/RBCBasket/src/com/rbc/RBCBasketDemo.java</file>
            <file>file:/C:/Users/homa/Documents/RBCBasket/src/com/rbc/items/InvalidItemException.java</file>
            <file>file:/C:/Users/homa/Documents/RBCBasket/src/com/rbc/items/BasketItem.java</file>
            <file>file:/C:/Users/homa/Documents/RBCBasket/src/com/rbc/items/Item.java</file>
            <file>file:/C:/Users/homa/Documents/RBCBasket/src/com/rbc/items/SupportedCurrency.java</file>
            <file>file:/C:/Users/homa/Documents/RBCBasket/readme.txt</file>
        </group>
    </open-files>
</project-private>
